date,trade_count,usdc_size,unique_markets,unique_transactions
2025-02-07,6,69.99999,5,6
2025-02-11,1,10.0,1,1
2025-04-08,1,10.0,1,1
2025-06-19,1,9.999999,1,1
2025-06-26,2,12.379999,2,2
2025-06-27,3,19.79999,2,3
2025-06-28,2,16.679993,2,2
2025-07-02,2,5.75,1,2
2025-07-03,14,44.88819,5,14
2025-07-04,4,103.93143,2,4
2025-07-06,3,29.109986,3,3
2025-07-07,3,11.599998,3,3
2025-07-08,1,0.9,1,1
2025-08-11,3,27.401595,3,3
2025-08-25,1,18.2,1,1
2025-08-31,1,89.999995,1,1
2025-09-01,8,335.880893,4,8
2025-09-06,1,4.005,1,1
2025-09-07,1,93.0,1,1
2025-09-08,5,75.431909,3,5
2025-09-09,1,44.0,1,1
2025-09-10,1,9.0,1,1
2025-09-14,79,461.136778,6,78
2025-09-15,3,9.15,2,3
2025-09-16,2,1.599888,1,2
2025-09-17,1,2.2152,1,1
2025-09-21,1,1.5,1,1
2025-10-06,1,36.0,1,1
2025-10-15,1,9.999999,1,1
2025-11-24,7,588.208048,4,7
2025-11-26,1,2.25,1,1
2025-12-04,2,16.398,2,2
2025-12-05,3,106.643981,3,3
2025-12-06,1,95.9,1,1
2025-12-08,2,8.184,1,2
2025-12-09,2,2.5,1,2
2025-12-11,3,11.299989,2,3
2025-12-12,9,89.010658,2,9
2025-12-13,7,166.840546,4,7
2025-12-14,12,119.554275,7,12
2025-12-15,17,152.339595,5,17
2025-12-16,17,165.905933,14,17
2025-12-17,38,237.552,14,38
2025-12-18,276,1255.24385,44,276
2025-12-19,883,4558.948625,70,883
2025-12-20,155,706.634633,31,155
2025-12-21,516,3415.859117,73,516
2025-12-22,438,3034.166799,48,436
2025-12-23,246,5501.803148,52,244
2025-12-24,286,8391.609458,45,284
2025-12-25,441,21952.30482,50,439
2025-12-26,256,13406.630975,42,256
2025-12-27,219,8501.066017,55,215
2025-12-28,555,24529.144692,66,553
2025-12-29,1706,128960.536082,62,1691
2025-12-30,1021,33319.095367,68,1010
2025-12-31,612,11440.93086,40,600
2026-01-01,772,24958.566761,56,770
2026-01-02,1252,9072.23717,59,1242
2026-01-03,748,6728.87969,63,745
2026-01-04,565,7811.457029,65,561
2026-01-05,770,11256.927763,77,764
2026-01-06,781,11467.118306,79,777
2026-01-07,585,10269.825706,82,583
2026-01-08,719,14413.292561,114,717
2026-01-09,1000,21659.548737,113,993
2026-01-10,497,6974.575141,87,496
2026-01-11,203,6590.24855,51,203
2026-01-12,308,10727.489887,52,306
2026-01-13,1043,27247.033747,59,1040
2026-01-14,3009,84773.166404,48,2886
2026-01-15,369,10002.332693,38,363
2026-01-16,863,21321.109176,50,862
2026-01-17,545,13058.108009,81,544
2026-01-18,3566,56332.643724,162,3496
2026-01-19,2383,24932.634901,108,2346
2026-01-20,4750,81069.555229,144,4576
2026-01-21,3254,46661.741017,136,3130
2026-01-22,3869,59635.644092,125,3738
2026-01-23,5475,106827.241289,113,5193
2026-01-24,2293,60461.778911,121,2172
2026-01-25,3977,88248.711799,93,3785
2026-01-26,1285,39414.781524,76,1207
2026-01-27,590,43497.881604,91,567
2026-01-28,2253,95752.101695,96,2143
2026-01-29,3172,120805.204097,96,3001
2026-01-30,5037,224435.169203,82,4707
2026-01-31,4149,152101.693615,63,3930
2026-02-01,3115,139176.290928,68,2986
2026-02-02,1573,71958.134486,64,1557
2026-02-03,2937,204291.857751,70,2883
2026-02-04,3448,226760.023929,99,3335
2026-02-05,2643,137844.890747,129,2579
2026-02-06,2728,143552.313689,136,2601
2026-02-07,1192,63975.958719,94,1177
2026-02-08,2322,188923.671207,135,2249
2026-02-09,4489,338814.451316,185,4333
2026-02-10,648,45574.463123,83,635
2026-02-11,774,45832.946246,120,756
2026-02-12,852,43771.468268,95,811
2026-02-13,2369,127943.453448,86,2051
2026-02-14,1047,45304.837945,86,963
2026-02-15,1018,45487.399393,109,979
2026-02-16,1263,44464.76297,147,1222
2026-02-17,1822,114150.798671,134,1743
2026-02-18,3982,209094.535607,147,3665
2026-02-19,2466,123376.197583,149,2284
2026-02-20,793,41514.937791,99,757
2026-02-21,1254,59348.097914,94,1212
2026-02-22,2934,130938.888317,79,2767
2026-02-23,2784,192637.515967,100,2710
2026-02-24,3906,258865.211914,179,3839
2026-02-25,6590,689214.257565,191,6460
2026-02-26,7041,662169.764029,176,6876
2026-02-27,2854,186375.985419,123,2580
2026-02-28,3470,274154.157068,151,3152
2026-03-01,4490,396625.923756,173,4413
2026-03-02,2092,167509.046398,219,2064
2026-03-03,5008,520348.206896,214,4851
2026-03-04,3206,223819.063137,204,2965
2026-03-05,1196,101074.766591,182,1147
2026-03-06,1974,103520.928839,193,1952
2026-03-07,3765,132376.371475,185,3647
2026-03-08,7077,350551.983057,259,6878
2026-03-09,2909,75375.173444,229,2637
2026-03-10,2310,68348.908461,209,2015
2026-03-11,2248,79446.683538,182,2058
2026-03-12,1581,54797.26377,198,1449
2026-03-13,1389,47539.648596,197,1268
2026-03-14,554,16268.902011,185,524
2026-03-15,590,22246.943133,208,567
2026-03-16,1481,55771.668593,267,1410
2026-03-17,934,34602.331753,135,899
2026-03-18,2225,102919.842257,245,2149
2026-03-19,2609,269499.268448,227,2571
2026-03-20,549,52673.458619,166,516
2026-03-21,808,88720.784843,183,780
2026-03-22,2006,126101.152328,203,1915
2026-03-23,1458,91095.063218,189,1303
2026-03-24,650,63256.170455,172,626
2026-03-25,930,92336.743363,261,876
2026-03-26,801,91523.583333,248,738
2026-03-27,1078,108288.645067,284,999
2026-03-28,734,85499.845987,240,700
2026-03-29,1197,107752.902154,194,1122
2026-03-30,825,67518.461026,194,711
2026-03-31,702,76284.63644,199,606
2026-04-01,551,71499.693785,248,541
2026-04-02,612,79639.403492,181,590
2026-04-03,616,73296.036761,279,594
2026-04-04,710,104744.989218,176,698
2026-04-05,1136,107335.96736,243,1102
2026-04-06,774,69261.731864,191,720
2026-04-07,1866,151408.074504,346,1610
2026-04-08,1587,103707.754449,236,1523
2026-04-09,3099,261920.707288,240,2991
2026-04-10,2223,245052.523959,428,2138
2026-04-11,2226,227212.83873,347,2141
2026-04-12,6071,298768.53692,354,5674
2026-04-13,3519,189567.8906,379,3306
2026-04-14,2836,163756.747263,278,2654
2026-04-15,2780,186208.598741,303,2584
2026-04-16,1511,79336.30577,287,1432
2026-04-17,1728,68384.02784,317,1673
2026-04-18,1904,123299.986879,432,1819
2026-04-19,3128,130732.945365,427,2942
2026-04-20,5626,143691.844289,400,5510
2026-04-21,2928,70154.438997,480,2873
2026-04-22,2105,70504.193891,482,2036
2026-04-23,2943,99758.511947,575,2817
2026-04-24,3202,87336.777165,852,3017
2026-04-25,2532,68392.452155,570,2408
2026-04-26,2112,44537.799764,574,2066
2026-04-27,1505,53266.599152,543,1468
2026-04-28,2112,93932.989684,674,2077
2026-04-29,1477,40801.155009,376,1430
2026-04-30,1457,42169.696882,407,1397
2026-05-01,1422,38729.097576,360,1388
2026-05-02,1125,48357.741017,359,1086
2026-05-03,1351,66947.798248,436,1296
2026-05-04,2268,99672.995658,494,2152
2026-05-05,2831,155367.514005,482,2717
2026-05-06,2249,111488.710547,548,2159
2026-05-07,1592,80520.405061,533,1539
2026-05-08,1428,90485.328391,371,1359
2026-05-09,1755,93562.936575,394,1699
2026-05-10,1917,120010.081265,431,1824
2026-05-11,2149,86101.112839,462,2072
2026-05-12,1239,85605.334443,415,1158
2026-05-13,2687,105550.011298,530,2624
2026-05-14,1327,56766.407068,431,1276
2026-05-15,1391,47613.205267,392,1316
2026-05-16,3376,49302.756403,367,3317
2026-05-17,862,25738.004596,277,823
2026-05-18,1249,51273.088937,316,1187
2026-05-19,2386,92290.995789,576,2225
2026-05-20,2025,93063.14144,514,1950
2026-05-21,1885,78254.717896,554,1826
2026-05-22,1376,62316.784724,386,1281
2026-05-23,2207,84584.811993,586,2047
2026-05-24,1765,50944.501905,433,1660
2026-05-25,2341,115719.322109,536,2144
2026-05-26,1603,49214.613758,636,1516
2026-05-27,2320,51189.073991,878,2206
2026-05-28,5635,102058.737103,1186,5418
2026-05-29,8271,146202.689269,1295,7928
2026-05-30,6789,114717.825532,1334,6407
2026-05-31,10584,147389.371725,1541,10141
2026-06-01,6906,130092.319806,1538,6590
2026-06-02,6585,108874.092168,1398,6351
2026-06-03,4294,133757.007946,1041,3939
2026-06-04,4722,128811.671473,1125,4221
2026-06-05,3606,100824.184371,931,3382
2026-06-06,4758,141745.840003,1032,4371
2026-06-07,5349,248883.68086,1004,4940
2026-06-08,4700,220365.216956,1070,4333
2026-06-09,6872,232456.294933,1294,6487
2026-06-10,6923,227740.618169,1471,6477
2026-06-11,10490,287773.66685,1781,9818
2026-06-12,9030,375948.869802,1471,8463
2026-06-13,7232,235287.023197,1621,6825
2026-06-14,10079,409991.840993,1947,9455
2026-06-15,7257,268755.506324,1765,6864
2026-06-16,7042,199517.612121,1659,6710
2026-06-17,8934,198544.74682,1538,8486
2026-06-18,8169,177514.864955,1648,7742
2026-06-19,8900,208647.25995,1613,8392
2026-06-20,7964,241429.800695,1496,7608
2026-06-21,7240,227406.391081,1506,6931
2026-06-22,6045,195014.331492,1452,5854
2026-06-23,10262,303289.342563,2046,9922
2026-06-24,9225,264203.261174,2066,8973
2026-06-25,3762,81939.530753,1059,3614
