category,trade_count,total_usdc_size,unique_transactions,share_of_trades,share_of_usdc
geopolitics,120135,7172181.751462,114164,0.229142,0.326015
other,101524,4623878.602056,98833,0.193644,0.210181
politics/elections,72997,3358024.260494,68921,0.139232,0.152641
sports,70097,2458625.78552,66556,0.133701,0.111758
weather,59160,452774.513377,56668,0.11284,0.020581
tech/ai,32289,1389685.2355,30557,0.061587,0.063169
crypto,24815,858109.469758,24159,0.047331,0.039006
culture/news,24170,1029940.362058,22716,0.046101,0.046816
finance/macro,19096,656335.796707,16938,0.036423,0.029834
