second,rows,usdc_size,unique_markets,top_titles
2026-02-25T16:59:06Z,112,7023.862977,28,Will Tether be accused of insider trading? (6) | Will another company be accused of insider trading? (5) | Will Upbit be accused of insider trading? (5) | Will Hyperliquid be accused of insider trading? (5) | Will Wintermute be accused of insider trading? (5)
2026-02-25T23:23:30Z,103,17296.499488,27,Will Upbit be accused of insider trading? (4) | Will Hyperliquid be accused of insider trading? (4) | Will Ethena be accused of insider trading? (4) | Will World Liberty Financial be accused of insider trading? (4) | Will Grayscale be accused of insider trading? (4)
2026-02-01T23:07:18Z,102,4968.348505,32,"Will the US next strike Iran on February 9, 2026 (ET)? (6) | Will the US next strike Iran on February 28, 2026 (ET)? (5) | Will the US next strike Iran on February 12, 2026 (ET)? (5) | Will the US next strike Iran on February 15, 2026 (ET)? (5) | Will the US next strike Iran on February 11, 2026 (ET)? (5)"
2026-04-20T18:21:32Z,96,556.37043,40,Will Joao Fonseca win the 2026 Men's French Open? (4) | Will Alex Michelsen win the 2026 Men's French Open? (4) | Will Carlos Alcaraz win the 2026 Men's French Open? (4) | Will Jannik Sinner win the 2026 Men's French Open? (4) | Will Alexander Bublik win the 2026 Men's French Open? (4)
2026-02-01T23:07:16Z,89,4181.159208,35,"Will the US next strike Iran on February 16, 2026 (ET)? (7) | Will the US next strike Iran on February 10, 2026 (ET)? (6) | Will the US next strike Iran on February 25, 2026 (ET)? (5) | Will the US next strike Iran on February 21, 2026 (ET)? (5) | Will the US not strike Iran by February 28, 2026? (5)"
2026-03-18T12:11:27Z,87,1399.20623,29,Will St. Mary's win the 2026 NCAA Tournament? (3) | Will Vanderbilt win the 2026 NCAA Tournament? (3) | Will Florida win the 2026 NCAA Tournament? (3) | Will Purdue win the 2026 NCAA Tournament? (3) | Will Kentucky win the 2026 NCAA Tournament? (3)
2026-02-25T20:08:34Z,84,16179.399927,28,Will Binance be accused of insider trading? (3) | Will Meteora be accused of insider trading? (3) | Will Jupiter be accused of insider trading? (3) | Will Pump.fun be accused of insider trading? (3) | Will World Liberty Financial be accused of insider trading? (3)
2026-02-25T16:47:54Z,84,18874.399508,28,Will MEXC be accused of insider trading? (3) | Will AAVE be accused of insider trading? (3) | Will Grayscale be accused of insider trading? (3) | Will Robinhood be accused of insider trading? (3) | Will Wintermute be accused of insider trading? (3)
2026-03-03T18:54:49Z,82,8110.443126,23,Will Ahmad Vahidi be the next Supreme Leader of Iran? (4) | Will the position of Supreme Leader of Iran be abolished? (4) | Will Hashem Hosseini Bushehri be the next Supreme Leader of Iran? (4) | Will Ahmad Hosseini Khorasani be the next Supreme Leader of Iran? (4) | Will Ali Motahari be the next Supreme Leader of Iran? (4)
2026-02-25T07:05:58Z,81,12981.03967,27,Will Upbit be accused of insider trading? (3) | Will Binance be accused of insider trading? (3) | Will Grayscale be accused of insider trading? (3) | Will AAVE be accused of insider trading? (3) | Will Hyperliquid be accused of insider trading? (3)
2026-02-25T22:42:54Z,79,15286.428739,27,Will Helius be accused of insider trading? (3) | Will OpenSea be accused of insider trading? (3) | Will Wintermute be accused of insider trading? (3) | Will Bybit be accused of insider trading? (3) | Will Moonshot be accused of insider trading? (3)
2026-06-11T19:04:24Z,77,709.1917,16,Will Natus Vincere win IEM Cologne Major 2026? (7) | Will FUT win IEM Cologne Major 2026? (6) | Will 9z win IEM Cologne Major 2026? (6) | Will PARIVISION win IEM Cologne Major 2026? (6) | Will The MongolZ win IEM Cologne Major 2026? (5)
2026-03-03T18:55:05Z,77,9543.059959,22,Will Ali Larijani be the next Supreme Leader of Iran? (4) | Will Ali Motahari be the next Supreme Leader of Iran? (4) | Will Hashem Hosseini Bushehri be the next Supreme Leader of Iran? (4) | Will Navid Shomali be the next Supreme Leader of Iran? (4) | Will Hassan Khomeini be the next Supreme Leader of Iran? (4)
2026-02-26T11:16:00Z,77,10889.366921,20,Will Hyperliquid be accused of insider trading? (4) | Will Axiom be accused of insider trading? (4) | Will Meteora be accused of insider trading? (4) | Will MEXC be accused of insider trading? (4) | Will Binance be accused of insider trading? (4)
2026-02-25T07:04:30Z,77,2453.77767,26,Will Tether be accused of insider trading? (3) | Will Gemini be accused of insider trading? (3) | Will Wintermute be accused of insider trading? (3) | Will Pump.fun be accused of insider trading? (3) | Will Grayscale be accused of insider trading? (3)
2026-06-02T19:55:59Z,76,170.34423,39,Will Jannik Sinner be the 2026 Men’s Wimbledon winner? (3) | Will Flavio Cobolli be the 2026 Men’s Wimbledon winner? (2) | Will Félix Auger-Aliassime be the 2026 Men’s Wimbledon winner? (2) | Will Ben Shelton be the 2026 Men’s Wimbledon winner? (2) | Will Jiří Lehečka be the 2026 Men’s Wimbledon winner? (2)
2026-02-26T10:52:50Z,76,14730.68991,19,Will another company be accused of insider trading? (4) | Will Jupiter be accused of insider trading? (4) | Will Bybit be accused of insider trading? (4) | Will Kraken be accused of insider trading? (4) | Will MEXC be accused of insider trading? (4)
2026-03-08T21:09:33Z,75,1452.280408,20,"Will Iran announce a new supreme leader on March 17, 2026? (6) | Will Iran announce a new supreme leader on March 22, 2026? (5) | Will Iran announce a new supreme leader on March 26, 2026? (5) | Will Iran announce a new supreme leader by March 31, 2026? (5) | Will Iran announce a new supreme leader on March 14, 2026? (5)"
2026-02-01T23:07:20Z,73,3544.649025,30,"Will the US next strike Iran on February 1, 2026 (ET)? (5) | Will the US next strike Iran on February 2, 2026 (ET)? (4) | Will the US next strike Iran on February 26, 2026 (ET)? (4) | Will the US next strike Iran on February 24, 2026 (ET)? (4) | Will the US next strike Iran on February 5, 2026 (ET)? (4)"
2026-04-21T16:04:56Z,72,125.44518,40,Will Alexander Bublik win the 2026 Men's French Open? (2) | Will Joao Fonseca win the 2026 Men's French Open? (2) | Will Tommy Paul win the 2026 Men's French Open? (2) | Will Lorenzo Musetti win the 2026 Men's French Open? (2) | Will Daniil Medvedev win the 2026 Men's French Open? (2)
2026-02-23T20:01:10Z,72,5927.088369,18,Will Ethena be accused of insider trading? (4) | Will OpenSea be accused of insider trading? (4) | Will MEXC be accused of insider trading? (4) | Will Binance be accused of insider trading? (4) | Will Flashbots be accused of insider trading? (4)
2026-06-12T20:20:30Z,71,0.72962,2,Will SpaceX's market cap be between $2.0T and $2.5T at market close on IPO day? (69) | Will SpaceX's market cap be between $1.0T and $1.5T at market close on IPO day? (2)
2026-03-03T19:36:19Z,70,5698.963387,29,Will Ali Asghar Hejazi be the next Supreme Leader of Iran? (4) | Will Ahmad Vahidi be the next Supreme Leader of Iran? (3) | Will Gholam-Hossein Mohseni-Eje'i be the next Supreme Leader of Iran? (3) | Will Mohsen Araki be the next Supreme Leader of Iran? (3) | Will Mohammad Hadi Ghazanfari Khansari be the next Supreme Leader of Iran? (3)
2026-06-19T01:56:46Z,69,74.037536,34,Will Alexandra Eala win the 2026 Women’s US Open? (3) | Will Linda Noskova win the 2026 Women’s US Open? (2) | Will Diana Shnaider win the 2026 Women’s US Open? (2) | Will Jelena Ostapenko win the 2026 Women’s US Open? (2) | Will Daria Kasatkina win the 2026 Women’s US Open? (2)
2026-04-21T17:24:16Z,69,194.04015,39,Will Karen Khachanov win the 2026 Men's French Open? (2) | Will Jan-Lennard Struff win the 2026 Men's French Open? (2) | Will Alexander Bublik win the 2026 Men's French Open? (2) | Will Ugo Humbert win the 2026 Men's French Open? (2) | Will Ben Shelton win the 2026 Men's French Open? (2)
2026-03-02T16:40:15Z,69,6023.36499,23,Will Masoud Pezeshkian be the next Supreme Leader of Iran? (3) | Will Muhammad Mirbaqiri be the next Supreme Leader of Iran? (3) | Will Mohammad Khatami be the next Supreme Leader of Iran? (3) | Will Mojtaba Khamenei be the next Supreme Leader of Iran? (3) | Will Mohsen Araki be the next Supreme Leader of Iran? (3)
2026-03-02T04:00:53Z,69,5240.830572,26,Will Ahmad Khatami be the next Supreme Leader of Iran? (3) | Will Mohsen Qomi be the next Supreme Leader of Iran? (3) | Will Sadegh Larijani be the next Supreme Leader of Iran? (3) | Will Hassan Khomeini be the next Supreme Leader of Iran? (3) | Will Masoud Pezeshkian be the next Supreme Leader of Iran? (3)
2026-02-26T05:44:56Z,69,1706.543605,19,Will Meteora be accused of insider trading? (7) | Will another company be accused of insider trading? (6) | Will Robinhood be accused of insider trading? (6) | Will Coinbase be accused of insider trading? (5) | Will Kraken be accused of insider trading? (4)
2026-06-08T06:57:03Z,68,4763.657448,42,Will Amanda Anisimova be the 2026 Women’s Wimbledon Winner? (2) | Will Jelena Ostapenko be the 2026 Women’s Wimbledon Winner? (2) | Will Elina Svitolina be the 2026 Women’s Wimbledon Winner? (2) | Will Jessica Pegula be the 2026 Women’s Wimbledon Winner? (2) | Will Beatriz Haddad Maia be the 2026 Women’s Wimbledon Winner? (2)
2026-02-23T19:12:30Z,68,5575.109956,17,Will Axiom be accused of insider trading? (4) | Will Upbit be accused of insider trading? (4) | Will Coinbase be accused of insider trading? (4) | Will Binance be accused of insider trading? (4) | Will Hyperliquid be accused of insider trading? (4)
2026-06-02T23:35:47Z,67,45.994025,20,Will Xavier Becerra win the California Governor Election in 2026? (4) | Will Butch Ware win the California Governor Election in 2026? (4) | Will Leo Zacky win the California Governor Election in 2026? (4) | Will Steve Hilton win the California Governor Election in 2026? (4) | Will Stephen Cloobeck win the California Governor Election in 2026? (4)
2026-02-26T05:43:28Z,67,10856.167231,21,Will Meteora be accused of insider trading? (5) | Will Moonshot be accused of insider trading? (4) | Will MEXC be accused of insider trading? (4) | Will Robinhood be accused of insider trading? (4) | Will World Liberty Financial be accused of insider trading? (4)
2026-02-25T17:20:32Z,67,10897.52906,28,Will MEXC be accused of insider trading? (3) | Will World Liberty Financial be accused of insider trading? (3) | Will AAVE be accused of insider trading? (3) | Will Dexscreener be accused of insider trading? (3) | Will Pump.fun be accused of insider trading? (3)
2026-06-01T11:20:35Z,66,134.554396,33,Will Jakub Menšík be the 2026 Men’s Wimbledon winner? (2) | Will Flavio Cobolli be the 2026 Men’s Wimbledon winner? (2) | Will Karen Khachanov be the 2026 Men’s Wimbledon winner? (2) | Will Arthur Fils be the 2026 Men’s Wimbledon winner? (2) | Will Alex de Minaur be the 2026 Men’s Wimbledon winner? (2)
2026-03-03T19:37:13Z,66,4969.887071,25,Will Mohsen Qomi be the next Supreme Leader of Iran? (4) | Will Hassan Rouhani be the next Supreme Leader of Iran? (4) | Will Mohammad-Reza Modarresi Yazdi be the next Supreme Leader of Iran? (4) | Will Hassan Khomeini be the next Supreme Leader of Iran? (4) | Will Sadegh Larijani be the next Supreme Leader of Iran? (4)
2026-02-26T10:53:22Z,66,10048.692462,20,Will another company be accused of insider trading? (4) | Will OKX be accused of insider trading? (4) | Will MEXC be accused of insider trading? (4) | Will Bybit be accused of insider trading? (4) | Will Gemini be accused of insider trading? (4)
2026-02-25T17:20:34Z,66,3163.453733,28,Will Kraken be accused of insider trading? (3) | Will Tether be accused of insider trading? (3) | Will Robinhood be accused of insider trading? (3) | Will Bybit be accused of insider trading? (3) | Will Upbit be accused of insider trading? (3)
2026-04-20T18:21:34Z,65,193.055907,31,Will Felix Auger Aliassime win the 2026 Men's French Open? (3) | Will Learner Tien win the 2026 Men's French Open? (3) | Will Andrey Rublev win the 2026 Men's French Open? (3) | Will Ben Shelton win the 2026 Men's French Open? (3) | Will Stefanos Tsitsipas win the 2026 Men's French Open? (3)
2026-02-25T17:17:44Z,65,12547.569758,28,Will Upbit be accused of insider trading? (3) | Will Grayscale be accused of insider trading? (3) | Will Bybit be accused of insider trading? (3) | Will OKX be accused of insider trading? (3) | Will Gemini be accused of insider trading? (3)
2026-02-24T03:32:32Z,65,4823.282662,22,Will Dexscreener be accused of insider trading? (3) | Will Jito be accused of insider trading? (3) | Will Bybit be accused of insider trading? (3) | Will Base be accused of insider trading? (3) | Will Tether be accused of insider trading? (3)
2026-05-31T16:56:15Z,64,218.823665,32,Will Frances Tiafoe be the 2026 Men’s Wimbledon winner? (2) | Will Casper Ruud be the 2026 Men’s Wimbledon winner? (2) | Will Cameron Norrie be the 2026 Men’s Wimbledon winner? (2) | Will Alexander Zverev be the 2026 Men’s Wimbledon winner? (2) | Will Taylor Fritz be the 2026 Men’s Wimbledon winner? (2)
2026-02-25T07:06:00Z,63,2106.136475,27,Will AAVE be accused of insider trading? (3) | Will Flashbots be accused of insider trading? (3) | Will Grayscale be accused of insider trading? (3) | Will Pump.fun be accused of insider trading? (3) | Will World Liberty Financial be accused of insider trading? (3)
2026-04-18T16:31:54Z,61,1346.928403,34,Will Felix Auger Aliassime win the 2026 Men's French Open? (2) | Will Lorenzo Musetti win the 2026 Men's French Open? (2) | Will Daniil Medvedev win the 2026 Men's French Open? (2) | Will Novak Djokovic win the 2026 Men's French Open? (2) | Will Denis Shapovalov win the 2026 Men's French Open? (2)
2026-06-18T13:00:23Z,60,470.691719,30,Will the Tampa Bay Rays win the 2026 World Series? (3) | Will the Atlanta Braves win the 2026 World Series? (3) | Will the Los Angeles Dodgers win the 2026 World Series? (3) | Will the New York Yankees win the 2026 World Series? (2) | Will the Pittsburgh Pirates win the 2026 World Series? (2)
2026-05-17T23:06:29Z,60,71.393742,30,Will Qinwen Zheng win the 2026 Women’s French Open? (2) | Will Iga Świątek win the 2026 Women’s French Open? (2) | Will Mirra Andreeva win the 2026 Women’s French Open? (2) | Will Karolína Plíšková win the 2026 Women’s French Open? (2) | Will Beatriz Haddad Maia win the 2026 Women’s French Open? (2)
2026-04-17T20:33:20Z,60,2877.287541,37,Will Arthur Fils win the 2026 Men's French Open? (2) | Will Joao Fonseca win the 2026 Men's French Open? (2) | Will Cameron Norrie win the 2026 Men's French Open? (2) | Will Alejandro Davidovich Fokina win the 2026 Men's French Open? (2) | Will Tommy Paul win the 2026 Men's French Open? (2)
2026-03-18T09:38:43Z,60,4347.619999,30,Will Louisville win the 2026 NCAA Tournament? (2) | Will Villanova win the 2026 NCAA Tournament? (2) | Will Purdue win the 2026 NCAA Tournament? (2) | Will Tennessee win the 2026 NCAA Tournament? (2) | Will Houston win the 2026 NCAA Tournament? (2)
2026-02-26T12:01:18Z,60,4308.158695,20,Will Wintermute be accused of insider trading? (3) | Will Dexscreener be accused of insider trading? (3) | Will World Liberty Financial be accused of insider trading? (3) | Will Binance be accused of insider trading? (3) | Will Hyperliquid be accused of insider trading? (3)
2026-02-26T11:28:12Z,60,11091.589677,22,Will Gemini be accused of insider trading? (4) | Will OKX be accused of insider trading? (4) | Will Coinbase be accused of insider trading? (4) | Will Wintermute be accused of insider trading? (4) | Will World Liberty Financial be accused of insider trading? (4)
2026-02-26T10:23:34Z,60,11404.399749,21,Will Robinhood be accused of insider trading? (3) | Will Meteora be accused of insider trading? (3) | Will another company be accused of insider trading? (3) | Will Binance be accused of insider trading? (3) | Will Grayscale be accused of insider trading? (3)
2026-04-26T11:55:46Z,59,814.801513,40,Will Taylor Fritz be the 2026 Men’s Wimbledon winner? (2) | Will Arthur Fils be the 2026 Men’s Wimbledon winner? (2) | Will Jack Draper be the 2026 Men’s Wimbledon winner? (2) | Will Jannik Sinner be the 2026 Men’s Wimbledon winner? (2) | Will Daniil Medvedev be the 2026 Men’s Wimbledon winner? (2)
2026-04-18T14:40:58Z,59,567.105023,35,Will Israel be the Jury Winner in the Eurovision 2026 Grand Final? (2) | Will Italy be the Jury Winner in the Eurovision 2026 Grand Final? (2) | Will Belgium be the Jury Winner in the Eurovision 2026 Grand Final? (2) | Will Estonia be the Jury Winner in the Eurovision 2026 Grand Final? (2) | Will San Marino be the Jury Winner in the Eurovision 2026 Grand Final? (2)
2026-03-06T07:11:39Z,59,10545.596382,15,Will Mohsen Araki be the next Supreme Leader of Iran? (4) | Will Ali Larijani be the next Supreme Leader of Iran? (4) | Will Reza Pahlavi be the next Supreme Leader of Iran? (4) | Will the position of Supreme Leader of Iran be abolished? (4) | Will Hashem Hosseini Bushehri be the next Supreme Leader of Iran? (4)
2026-03-03T21:21:01Z,59,2797.537079,8,Will Jasmine Crockett and John Cornyn be the candidates for the Texas Senate Election? (13) | Will James Talarico and John Cornyn be the candidates for the Texas Senate Election? (12) | Will Jasmine Crockett and Ken Paxton be the candidates for the Texas Senate Election? (10) | Will James Talarico and Ken Paxton be the candidates for the Texas Senate Election? (8) | Will John Cornyn win the 2026 Texas Republican Primary? (6)
2026-02-26T10:03:56Z,59,11369.729431,20,Will Gemini be accused of insider trading? (3) | Will Upbit be accused of insider trading? (3) | Will MEXC be accused of insider trading? (3) | Will Dexscreener be accused of insider trading? (3) | Will Grayscale be accused of insider trading? (3)
2026-02-26T13:41:14Z,58,933.30481,19,Will Coinbase be accused of insider trading? (4) | Will Gemini be accused of insider trading? (4) | Will Moonshot be accused of insider trading? (4) | Will Hyperliquid be accused of insider trading? (3) | Will Jupiter be accused of insider trading? (3)
2026-02-24T03:32:10Z,58,5375.783557,22,Will Jito be accused of insider trading? (4) | Will Ethena be accused of insider trading? (4) | Will Pump.fun be accused of insider trading? (4) | Will Dexscreener be accused of insider trading? (4) | Will AAVE be accused of insider trading? (3)
2026-06-23T06:17:43Z,57,166.753629,6,Will Japan be eliminated in the Quarterfinals of the World Cup? (13) | Will Japan reach the Quarterfinals at the 2026 FIFA World Cup? (13) | Will Japan be eliminated in the Semifinals of the World Cup? (11) | Will Japan be eliminated in the Final of the World Cup? (10) | Will Japan win the 2026 FIFA World Cup? (9)
2026-05-20T16:51:25Z,57,225.753394,23,"Will Elon Musk post 460-479 tweets from May 19 to May 26, 2026? (4) | Will Elon Musk post 480-499 tweets from May 19 to May 26, 2026? (4) | Will Elon Musk post 180-199 tweets from May 19 to May 26, 2026? (3) | Will Elon Musk post 140-159 tweets from May 19 to May 26, 2026? (3) | Will Elon Musk post 300-319 tweets from May 19 to May 26, 2026? (3)"
2026-03-03T19:39:25Z,57,6630.960774,22,Will Hashem Hosseini Bushehri be the next Supreme Leader of Iran? (4) | Will Mohammad Hadi Ghazanfari Khansari be the next Supreme Leader of Iran? (4) | Will Abbas Araghchi be the next Supreme Leader of Iran? (4) | Will Gholam-Hossein Mohseni-Eje'i be the next Supreme Leader of Iran? (3) | Will there be no new Supreme Leader of Iran by June 30? (3)
2026-02-26T13:26:04Z,57,11382.580877,19,Will Jupiter be accused of insider trading? (3) | Will Upbit be accused of insider trading? (3) | Will Gemini be accused of insider trading? (3) | Will Wintermute be accused of insider trading? (3) | Will another company be accused of insider trading? (3)
2026-02-26T07:56:50Z,57,10732.714505,19,Will Jupiter be accused of insider trading? (3) | Will Ethena be accused of insider trading? (3) | Will Wintermute be accused of insider trading? (3) | Will OKX be accused of insider trading? (3) | Will Meteora be accused of insider trading? (3)
2026-02-25T17:20:56Z,57,6516.839616,28,Will Wintermute be accused of insider trading? (3) | Will Jito be accused of insider trading? (2) | Will MEXC be accused of insider trading? (2) | Will Robinhood be accused of insider trading? (2) | Will Axiom be accused of insider trading? (2)
2026-06-09T14:57:43Z,56,70.960555,11,Will the next diplomatic US-Iran meeting be in Switzerland? (8) | Will the next diplomatic US-Iran meeting be in another country? (7) | Will the next diplomatic US-Iran meeting be in Pakistan? (6) | Will the next diplomatic US-Iran meeting be in the United States? (6) | Will the next diplomatic US-Iran meeting be in Austria? (6)
2026-05-24T12:42:17Z,56,129.30102,25,Will Diana Shnaider win the 2026 Women’s French Open? (3) | Will Coco Gauff win the 2026 Women’s French Open? (3) | Will Mirra Andreeva win the 2026 Women’s French Open? (3) | Will Jessica Pegula win the 2026 Women’s French Open? (3) | Will Amanda Anisimova win the 2026 Women’s French Open? (3)
2026-04-12T20:35:07Z,56,194.485327,8,Will Ricardo Belmont win the 2026 Peruvian presidential election? (7) | Will Roberto Sánchez Palomino win the 2026 Peruvian presidential election? (7) | Will Carlos Álvarez win the 2026 Peruvian presidential election? (7) | Will Carlos Espá win the 2026 Peruvian presidential election? (7) | Will Jorge Nieto win the 2026 Peruvian presidential election? (7)
2026-03-03T20:38:33Z,56,8340.788009,15,Will Hassan Khomeini be the next Supreme Leader of Iran? (4) | Will Alireza Arafi be the next Supreme Leader of Iran? (4) | Will Hashem Hosseini Bushehri be the next Supreme Leader of Iran? (4) | Will Ali Asghar Hejazi be the next Supreme Leader of Iran? (4) | Will Muhammad Mirbaqiri be the next Supreme Leader of Iran? (4)
2026-02-26T11:18:08Z,56,8886.209573,19,Will OKX be accused of insider trading? (3) | Will MEXC be accused of insider trading? (3) | Will Upbit be accused of insider trading? (3) | Will Bybit be accused of insider trading? (3) | Will another company be accused of insider trading? (3)
2026-02-25T23:23:04Z,56,10846.519851,24,Will Pump.fun be accused of insider trading? (4) | Will Tether be accused of insider trading? (3) | Will Moonshot be accused of insider trading? (3) | Will Helius be accused of insider trading? (3) | Will Dexscreener be accused of insider trading? (3)
2026-02-25T17:16:16Z,56,10792.979741,28,Will Axiom be accused of insider trading? (2) | Will Coinbase be accused of insider trading? (2) | Will MEXC be accused of insider trading? (2) | Will Robinhood be accused of insider trading? (2) | Will Binance be accused of insider trading? (2)
2026-02-25T17:07:36Z,56,8698.677288,28,Will Dexscreener be accused of insider trading? (2) | Will Jupiter be accused of insider trading? (2) | Will Robinhood be accused of insider trading? (2) | Will Moonshot be accused of insider trading? (2) | Will another company be accused of insider trading? (2)
2026-06-09T13:47:57Z,55,51.225502,19,Will BIG win IEM Cologne Major 2026? (3) | Will FUT win IEM Cologne Major 2026? (3) | Will Aurora win IEM Cologne Major 2026? (3) | Will Natus Vincere win IEM Cologne Major 2026? (3) | Will Monte win IEM Cologne Major 2026? (3)
2026-03-08T21:09:09Z,55,3772.577554,29,"Will Hassan Khomeini be the next Supreme Leader of Iran? (3) | Will Iran announce a new supreme leader on March 15, 2026? (2) | Will Iran announce a new supreme leader on March 17, 2026? (2) | Will Iran announce a new supreme leader on March 16, 2026? (2) | Will Iran announce a new supreme leader on March 14, 2026? (2)"
2026-03-01T18:12:25Z,55,6685.712819,15,Will Hassan Khomeini be the next Supreme Leader of Iran? (4) | Will Ali Larijani be the next Supreme Leader of Iran? (4) | Will Hassan Rouhani be the next Supreme Leader of Iran? (4) | Will Mojtaba Khamenei be the next Supreme Leader of Iran? (4) | Will the position of Supreme Leader of Iran be abolished? (4)
2026-03-03T20:27:33Z,54,7157.719806,18,Will Nasir Hosseini be the next Supreme Leader of Iran? (3) | Will Alireza Arafi be the next Supreme Leader of Iran? (3) | Will Hashem Hosseini Bushehri be the next Supreme Leader of Iran? (3) | Will the position of Supreme Leader of Iran be abolished? (3) | Will Gholam-Hossein Mohseni-Eje'i be the next Supreme Leader of Iran? (3)
2026-03-03T19:36:45Z,54,1635.643164,27,Will Navid Shomali be the next Supreme Leader of Iran? (2) | Will Nasir Hosseini be the next Supreme Leader of Iran? (2) | Will Saeed Jalili be the next Supreme Leader of Iran? (2) | Will Hassan Rouhani be the next Supreme Leader of Iran? (2) | Will Muhammad Mirbaqiri be the next Supreme Leader of Iran? (2)
2026-03-03T14:36:21Z,54,3269.789914,23,Will Ali Asghar Hejazi be the next Supreme Leader of Iran? (3) | Will Mohammad Yasrebi be the next Supreme Leader of Iran? (3) | Will Abbas Araghchi be the next Supreme Leader of Iran? (3) | Will Mohsen Araki be the next Supreme Leader of Iran? (3) | Will Hashem Hosseini Bushehri be the next Supreme Leader of Iran? (3)
2026-02-25T23:23:44Z,54,8961.889497,27,Will Dexscreener be accused of insider trading? (2) | Will Binance be accused of insider trading? (2) | Will World Liberty Financial be accused of insider trading? (2) | Will Helius be accused of insider trading? (2) | Will Pump.fun be accused of insider trading? (2)
2026-02-25T20:08:28Z,54,10418.449018,28,Will another company be accused of insider trading? (2) | Will Meteora be accused of insider trading? (2) | Will Flashbots be accused of insider trading? (2) | Will OpenSea be accused of insider trading? (2) | Will Coinbase be accused of insider trading? (2)
2026-02-25T17:26:10Z,54,10392.358911,27,Will Wintermute be accused of insider trading? (2) | Will Tether be accused of insider trading? (2) | Will World Liberty Financial be accused of insider trading? (2) | Will Ethena be accused of insider trading? (2) | Will Base be accused of insider trading? (2)
2026-02-25T09:24:02Z,54,3897.173438,27,Will Gemini be accused of insider trading? (2) | Will Meteora be accused of insider trading? (2) | Will Wintermute be accused of insider trading? (2) | Will World Liberty Financial be accused of insider trading? (2) | Will Tether be accused of insider trading? (2)
2026-02-25T09:23:36Z,54,9071.73999,27,Will Pump.fun be accused of insider trading? (4) | Will Axiom be accused of insider trading? (4) | Will Bybit be accused of insider trading? (3) | Will Helius be accused of insider trading? (3) | Will MEXC be accused of insider trading? (3)
2026-02-25T09:23:34Z,54,9087.489649,25,Will Tether be accused of insider trading? (3) | Will Binance be accused of insider trading? (3) | Will Jupiter be accused of insider trading? (3) | Will AAVE be accused of insider trading? (3) | Will Ethena be accused of insider trading? (3)
2026-02-25T08:52:16Z,54,7795.569948,27,Will Coinbase be accused of insider trading? (2) | Will Flashbots be accused of insider trading? (2) | Will Jito be accused of insider trading? (2) | Will Binance be accused of insider trading? (2) | Will Jupiter be accused of insider trading? (2)
2026-02-25T07:25:54Z,54,7792.009631,27,Will MEXC be accused of insider trading? (2) | Will Ethena be accused of insider trading? (2) | Will Pump.fun be accused of insider trading? (2) | Will Hyperliquid be accused of insider trading? (2) | Will Jupiter be accused of insider trading? (2)
2026-02-25T07:06:18Z,54,1922.569764,27,Will Meteora be accused of insider trading? (2) | Will Flashbots be accused of insider trading? (2) | Will Hyperliquid be accused of insider trading? (2) | Will Jupiter be accused of insider trading? (2) | Will Bybit be accused of insider trading? (2)
2026-02-23T23:06:58Z,54,5087.899966,18,Will Jupiter be accused of insider trading? (3) | Will Axiom be accused of insider trading? (3) | Will Grayscale be accused of insider trading? (3) | Will Ethena be accused of insider trading? (3) | Will AAVE be accused of insider trading? (3)
2026-02-23T20:08:58Z,54,2212.762944,18,Will Upbit be accused of insider trading? (3) | Will Axiom be accused of insider trading? (3) | Will Meteora be accused of insider trading? (3) | Will Jupiter be accused of insider trading? (3) | Will Grayscale be accused of insider trading? (3)
2026-01-28T15:23:47Z,54,3300.68949,30,"Will the US next strike Iran on February 7, 2026 (ET)? (2) | Will the US next strike Iran on February 4, 2026 (ET)? (2) | Will the US next strike Iran on February 6, 2026 (ET)? (2) | Will the US next strike Iran on February 26, 2026 (ET)? (2) | Will the US next strike Iran on February 25, 2026 (ET)? (2)"
2026-01-22T08:34:50Z,54,1156.5958,9,"Will the US not strike Iran by January 31, 2026? (8) | Will the US next strike Iran on January 27, 2026 (ET)? (7) | Will the US next strike Iran on January 28, 2026 (ET)? (7) | Will the US next strike Iran on January 30, 2026 (ET)? (7) | Will the US next strike Iran on January 31, 2026 (ET)? (7)"
2026-04-20T18:49:50Z,53,1282.14,40,Will Denis Shapovalov win the 2026 Men's French Open? (2) | Will Taylor Fritz win the 2026 Men's French Open? (2) | Will Jiri Lehecka win the 2026 Men's French Open? (2) | Will Alejandro Tabilo win the 2026 Men's French Open? (2) | Will Carlos Alcaraz win the 2026 Men's French Open? (2)
2026-04-20T13:26:46Z,53,2203.709927,39,Will Jack Draper win the 2026 Men's French Open? (2) | Will Denis Shapovalov win the 2026 Men's French Open? (2) | Will Lorenzo Musetti win the 2026 Men's French Open? (2) | Will Arthur Fils win the 2026 Men's French Open? (2) | Will Ben Shelton win the 2026 Men's French Open? (2)
2026-02-26T07:41:34Z,53,10005.649513,19,Will OKX be accused of insider trading? (3) | Will Gemini be accused of insider trading? (3) | Will Ethena be accused of insider trading? (3) | Will Dexscreener be accused of insider trading? (3) | Will another company be accused of insider trading? (3)
2026-06-18T20:32:59Z,52,1818.510814,10,Will Switzerland win on 2026-06-18? (27) | Will Bosnia and Herzegovina win on 2026-06-18? (7) | Will Switzerland vs. Bosnia and Herzegovina end in a draw? (6) | Switzerland vs. Bosnia and Herzegovina: O/U 0.5 (4) | Exact Score: Switzerland 0 - 0 Bosnia-Herzegovina? (3)
2026-04-20T20:49:12Z,52,2283.069758,34,Will Jiri Lehecka win the 2026 Men's French Open? (2) | Will Ben Shelton win the 2026 Men's French Open? (2) | Will Carlos Alcaraz win the 2026 Men's French Open? (2) | Will Francisco Cerundolo win the 2026 Men's French Open? (2) | Will Felix Auger Aliassime win the 2026 Men's French Open? (2)
2026-03-19T18:37:37Z,52,2762.842138,26,Will St. John's win the 2026 NCAA Tournament? (2) | Will Connecticut win the 2026 NCAA Tournament? (2) | Will Alabama win the 2026 NCAA Tournament? (2) | Will Duke win the 2026 NCAA Tournament? (2) | Will Michigan State win the 2026 NCAA Tournament? (2)
2026-03-03T19:39:21Z,52,3909.099912,26,Will Hassan Khomeini be the next Supreme Leader of Iran? (2) | Will Gholam-Hossein Mohseni-Eje'i be the next Supreme Leader of Iran? (2) | Will Mohammad Hadi Ghazanfari Khansari be the next Supreme Leader of Iran? (2) | Will Mohsen Qomi be the next Supreme Leader of Iran? (2) | Will Navid Shomali be the next Supreme Leader of Iran? (2)
2026-02-19T03:05:10Z,52,5895.014786,13,"US strikes Iran by February 22, 2026? (10) | Will the US next strike Iran on February 23, 2026 (ET)? (7) | US strikes Iran by February 21, 2026? (4) | US strikes Iran by February 23, 2026? (4) | Will the US next strike Iran on February 28, 2026 (ET)? (4)"
2026-02-26T13:39:38Z,51,618.53717,18,Will Meteora be accused of insider trading? (3) | Will another company be accused of insider trading? (3) | Will Moonshot be accused of insider trading? (3) | Will Bybit be accused of insider trading? (3) | Will Wintermute be accused of insider trading? (3)
2026-02-23T19:17:34Z,51,3028.161227,17,Will Wintermute be accused of insider trading? (3) | Will AAVE be accused of insider trading? (3) | Will Hyperliquid be accused of insider trading? (3) | Will Axiom be accused of insider trading? (3) | Will OpenSea be accused of insider trading? (3)
